Time,Temperature,A1,A2,A3,A4,A5,A6,A7,A8,A9,A10,A11,A12,B1,B2,B3,B4,B5,B6,B7,B8,B9,B10,B11,B12,C1,C2,C3,C4,C5,C6,C7,C8,C9,C10,C11,C12,D1,D2,D3,D4,D5,D6,D7,D8,D9,D10,D11,D12,E1,E2,E3,E4,E5,E6,E7,E8,E9,E10,E11,E12,F1,F2,F3,F4,F5,F6,F7,F8,F9,F10,F11,F12,G1,G2,G3,G4,G5,G6,G7,G8,G9,G10,G11,G12
0s,37.0 °C,,,,,,,,,,,,,,,,,0.15826,0.16388,0.16154,0.16419,,,,,,,,,0.1285,0.13213,0.13799,0.13296,,,,,,,,,0.11783,0.11309,0.11456,0.11441,,,,,,,,,0.096578,0.098756,0.096156,0.097644,,,,,,,,,0.095078,0.10728,0.095533,0.097822,,,,,,,,,0.095544,0.095589,0.094933,0.096644,,,,
324s,37.0 °C,,,,,,,,,,,,,,,,,0.14876,0.15067,0.15331,0.15399,,,,,,,,,0.12437,0.12537,0.12693,0.12612,,,,,,,,,0.11546,0.10956,0.10938,0.11149,,,,,,,,,0.096733,0.098256,0.096611,0.097667,,,,,,,,,0.095356,0.106,0.095378,0.095911,,,,,,,,,0.0957,0.095944,0.095067,0.095444,,,,
650s,37.0 °C,,,,,,,,,,,,,,,,,0.15318,0.15243,0.15689,0.15529,,,,,,,,,0.12572,0.1258,0.128,0.12624,,,,,,,,,0.11262,0.10937,0.10948,0.1115,,,,,,,,,0.096656,0.098022,0.096544,0.097567,,,,,,,,,0.095256,0.10553,0.0953,0.095689,,,,,,,,,0.095533,0.095867,0.0949,0.095256,,,,
974s,37.0 °C,,,,,,,,,,,,,,,,,0.1554,0.15319,0.15704,0.15526,,,,,,,,,0.12624,0.12549,0.12817,0.12709,,,,,,,,,0.11089,0.10967,0.10944,0.11162,,,,,,,,,0.096767,0.097956,0.096544,0.097589,,,,,,,,,0.095333,0.10549,0.095411,0.095544,,,,,,,,,0.095467,0.095867,0.094944,0.095211,,,,
1298s,37.0 °C,,,,,,,,,,,,,,,,,0.15577,0.15556,0.15804,0.15698,,,,,,,,,0.12688,0.12527,0.12757,0.12791,,,,,,,,,0.1109,0.10994,0.10941,0.11156,,,,,,,,,0.097044,0.098178,0.096933,0.097856,,,,,,,,,0.095289,0.10549,0.095256,0.095478,,,,,,,,,0.095189,0.095778,0.094756,0.095,,,,
1622s,37.0 °C,,,,,,,,,,,,,,,,,0.16127,0.16047,0.16091,0.16214,,,,,,,,,0.12898,0.12619,0.12882,0.12909,,,,,,,,,0.11142,0.11024,0.10961,0.11186,,,,,,,,,0.097433,0.098344,0.097178,0.098144,,,,,,,,,0.095278,0.1051,0.095256,0.095433,,,,,,,,,0.095244,0.095733,0.094878,0.095033,,,,
1945s,36.9 °C,,,,,,,,,,,,,,,,,0.167,0.16997,0.16847,0.16852,,,,,,,,,0.13144,0.12822,0.1299,0.13161,,,,,,,,,0.11247,0.11056,0.11036,0.11262,,,,,,,,,0.097878,0.0988,0.097644,0.098633,,,,,,,,,0.095611,0.10538,0.095589,0.095733,,,,,,,,,0.095744,0.096122,0.095167,0.095367,,,,
2269s,36.9 °C,,,,,,,,,,,,,,,,,0.17841,0.18387,0.18096,0.17921,,,,,,,,,0.1349,0.13127,0.13318,0.13547,,,,,,,,,0.11432,0.11189,0.1116,0.11422,,,,,,,,,0.098511,0.0994,0.098233,0.099278,,,,,,,,,0.095956,0.10567,0.096156,0.096067,,,,,,,,,0.096111,0.0965,0.095511,0.095744,,,,
2593s,37.2 °C,,,,,,,,,,,,,,,,,0.19554,0.19789,0.195,0.19408,,,,,,,,,0.13998,0.13576,0.13766,0.14031,,,,,,,,,0.11697,0.11377,0.11369,0.11679,,,,,,,,,0.099378,0.10009,0.098889,0.10006,,,,,,,,,0.0964,0.10601,0.096456,0.096489,,,,,,,,,0.096567,0.096944,0.096011,0.096233,,,,
2916s,37.1 °C,,,,,,,,,,,,,,,,,0.21168,0.21344,0.21116,0.21106,,,,,,,,,0.14528,0.14138,0.14334,0.14588,,,,,,,,,0.12011,0.11649,0.1163,0.11958,,,,,,,,,0.10031,0.10096,0.099856,0.101,,,,,,,,,0.096833,0.1063,0.096889,0.096956,,,,,,,,,0.097111,0.097378,0.096556,0.096789,,,,
3240s,37.0 °C,,,,,,,,,,,,,,,,,0.23068,0.2285,0.22954,0.22722,,,,,,,,,0.1533,0.14643,0.14942,0.15149,,,,,,,,,0.12407,0.11893,0.11919,0.12284,,,,,,,,,0.10134,0.10201,0.10092,0.1023,,,,,,,,,0.097222,0.10669,0.0972,0.097389,,,,,,,,,0.097667,0.098011,0.097189,0.097422,,,,
3564s,37.2 °C,,,,,,,,,,,,,,,,,0.2503,0.24713,0.25348,0.24746,,,,,,,,,0.16479,0.15442,0.15964,0.16119,,,,,,,,,0.12783,0.12249,0.12263,0.12704,,,,,,,,,0.10276,0.10332,0.10227,0.1037,,,,,,,,,0.097911,0.10732,0.097822,0.098111,,,,,,,,,0.0984,0.0988,0.098011,0.098167,,,,
3889s,37.1 °C,,,,,,,,,,,,,,,,,0.26723,0.26627,0.27177,0.26828,,,,,,,,,0.17722,0.16444,0.17052,0.17221,,,,,,,,,0.13214,0.12614,0.12661,0.13084,,,,,,,,,0.10434,0.10503,0.10377,0.10526,,,,,,,,,0.098656,0.10792,0.098589,0.0988,,,,,,,,,0.099244,0.099567,0.0988,0.098922,,,,
4212s,37.2 °C,,,,,,,,,,,,,,,,,0.28646,0.28356,0.28712,0.28619,,,,,,,,,0.19269,0.17579,0.18307,0.1846,,,,,,,,,0.13724,0.13007,0.13087,0.13492,,,,,,,,,0.10597,0.10663,0.1056,0.10699,,,,,,,,,0.099411,0.10886,0.099489,0.0998,,,,,,,,,0.10033,0.10073,0.0999,0.099922,,,,
4536s,37.2 °C,,,,,,,,,,,,,,,,,0.3061,0.30119,0.30516,0.30203,,,,,,,,,0.208,0.19006,0.19781,0.20098,,,,,,,,,0.14382,0.1343,0.13602,0.14067,,,,,,,,,0.10792,0.10856,0.10739,0.10896,,,,,,,,,0.10051,0.10978,0.10061,0.10084,,,,,,,,,0.10142,0.10191,0.10106,0.10113,,,,
4860s,37.2 °C,,,,,,,,,,,,,,,,,0.32616,0.31721,0.32298,0.3182,,,,,,,,,0.22503,0.20741,0.2154,0.21749,,,,,,,,,0.151,0.14024,0.14241,0.14758,,,,,,,,,0.10996,0.11062,0.10946,0.11093,,,,,,,,,0.10166,0.11071,0.10154,0.10191,,,,,,,,,0.10272,0.10318,0.10231,0.10242,,,,
5184s,37.2 °C,,,,,,,,,,,,,,,,,0.34216,0.33642,0.34143,0.33672,,,,,,,,,0.24302,0.22652,0.23348,0.23589,,,,,,,,,0.16087,0.14748,0.15091,0.15653,,,,,,,,,0.11217,0.11282,0.11177,0.11322,,,,,,,,,0.10283,0.11203,0.10281,0.10324,,,,,,,,,0.10434,0.10488,0.10393,0.104,,,,
5507s,37.2 °C,,,,,,,,,,,,,,,,,0.36071,0.35223,0.35892,0.35563,,,,,,,,,0.26132,0.2472,0.25081,0.25471,,,,,,,,,0.17166,0.15648,0.16092,0.16716,,,,,,,,,0.11471,0.11504,0.1142,0.11581,,,,,,,,,0.10443,0.11346,0.10424,0.10482,,,,,,,,,0.10593,0.10653,0.10569,0.10569,,,,
5831s,37.2 °C,,,,,,,,,,,,,,,,,0.37591,0.36621,0.37836,0.37292,,,,,,,,,0.27921,0.26561,0.26666,0.2716,,,,,,,,,0.18378,0.16576,0.17213,0.17962,,,,,,,,,0.11729,0.11751,0.11672,0.11837,,,,,,,,,0.1059,0.11484,0.1059,0.10642,,,,,,,,,0.10763,0.10821,0.10729,0.10728,,,,
6155s,37.2 °C,,,,,,,,,,,,,,,,,0.39069,0.38048,0.39209,0.3894,,,,,,,,,0.29769,0.28364,0.28362,0.28803,,,,,,,,,0.19947,0.17737,0.18637,0.19393,,,,,,,,,0.12058,0.12048,0.11988,0.12164,,,,,,,,,0.10784,0.11647,0.10773,0.10819,,,,,,,,,0.10953,0.11022,0.10921,0.10933,,,,
6479s,37.2 °C,,,,,,,,,,,,,,,,,0.40596,0.39649,0.40533,0.4042,,,,,,,,,0.31152,0.304,0.29976,0.30544,,,,,,,,,0.21364,0.19043,0.2026,0.21001,,,,,,,,,0.12443,0.12416,0.12352,0.12561,,,,,,,,,0.10937,0.11828,0.10952,0.10984,,,,,,,,,0.11158,0.11221,0.11126,0.11139,,,,
6802s,37.2 °C,,,,,,,,,,,,,,,,,0.41921,0.4101,0.41932,0.41749,,,,,,,,,0.32862,0.32162,0.31814,0.32492,,,,,,,,,0.22928,0.20517,0.21983,0.22439,,,,,,,,,0.12874,0.1281,0.12747,0.13001,,,,,,,,,0.1114,0.12008,0.11163,0.11168,,,,,,,,,0.11391,0.11436,0.11359,0.11351,,,,
7126s,37.2 °C,,,,,,,,,,,,,,,,,0.43542,0.42514,0.4342,0.43157,,,,,,,,,0.34784,0.33882,0.33547,0.3406,,,,,,,,,0.24614,0.22069,0.23293,0.23871,,,,,,,,,0.1337,0.13307,0.1317,0.13526,,,,,,,,,0.11372,0.1221,0.11387,0.11378,,,,,,,,,0.11687,0.1169,0.11646,0.1165,,,,
7450s,37.2 °C,,,,,,,,,,,,,,,,,0.45173,0.44093,0.45006,0.44739,,,,,,,,,0.36372,0.35267,0.35029,0.35623,,,,,,,,,0.26018,0.23494,0.2461,0.25407,,,,,,,,,0.14,0.13899,0.13716,0.14198,,,,,,,,,0.11656,0.12469,0.11698,0.1164,,,,,,,,,0.12053,0.12038,0.12011,0.11993,,,,
7774s,37.3 °C,,,,,,,,,,,,,,,,,0.46748,0.45621,0.46359,0.46198,,,,,,,,,0.37857,0.36936,0.36603,0.37257,,,,,,,,,0.27712,0.24958,0.26188,0.26644,,,,,,,,,0.14727,0.14614,0.14383,0.14964,,,,,,,,,0.11982,0.12788,0.1205,0.11949,,,,,,,,,0.12453,0.12422,0.12428,0.12387,,,,
8098s,37.2 °C,,,,,,,,,,,,,,,,,0.48252,0.47137,0.47758,0.47587,,,,,,,,,0.39317,0.385,0.38166,0.38822,,,,,,,,,0.29906,0.26653,0.27978,0.28308,,,,,,,,,0.15589,0.15421,0.151,0.15881,,,,,,,,,0.12338,0.13132,0.12434,0.12326,,,,,,,,,0.12902,0.12882,0.12893,0.12811,,,,
8421s,37.2 °C,,,,,,,,,,,,,,,,,0.49624,0.4866,0.49207,0.48932,,,,,,,,,0.40627,0.40019,0.3954,0.4021,,,,,,,,,0.31751,0.28033,0.29627,0.29939,,,,,,,,,0.16628,0.16442,0.15902,0.16953,,,,,,,,,0.12746,0.13478,0.1285,0.12711,,,,,,,,,0.13391,0.13408,0.13433,0.13299,,,,
8745s,37.2 °C,,,,,,,,,,,,,,,,,0.51012,0.50281,0.50541,0.50257,,,,,,,,,0.41788,0.41354,0.40968,0.41436,,,,,,,,,0.33571,0.29822,0.31322,0.3174,,,,,,,,,0.1785,0.17586,0.1686,0.18233,,,,,,,,,0.13244,0.13939,0.13399,0.13249,,,,,,,,,0.14044,0.14077,0.14143,0.13894,,,,
9069s,37.2 °C,,,,,,,,,,,,,,,,,0.52503,0.51512,0.518,0.51523,,,,,,,,,0.4295,0.42433,0.42072,0.42727,,,,,,,,,0.3503,0.30839,0.32346,0.32827,,,,,,,,,0.19147,0.18877,0.17863,0.19652,,,,,,,,,0.1384,0.14536,0.14021,0.13843,,,,,,,,,0.1478,0.14852,0.14953,0.14586,,,,
9393s,37.2 °C,,,,,,,,,,,,,,,,,0.53632,0.52774,0.53026,0.52729,,,,,,,,,0.43671,0.42891,0.43068,0.43556,,,,,,,,,0.36054,0.3172,0.33101,0.33803,,,,,,,,,0.20139,0.20063,0.19034,0.20718,,,,,,,,,0.14489,0.15146,0.14734,0.14478,,,,,,,,,0.15664,0.15884,0.16012,0.15479,,,,
9716s,37.3 °C,,,,,,,,,,,,,,,,,0.5464,0.5401,0.54024,0.53699,,,,,,,,,0.43991,0.43367,0.43652,0.44178,,,,,,,,,0.36618,0.32182,0.33744,0.34562,,,,,,,,,0.20661,0.20529,0.19679,0.21118,,,,,,,,,0.1513,0.15812,0.15364,0.14994,,,,,,,,,0.16661,0.17104,0.17309,0.16439,,,,
10040s,37.2 °C,,,,,,,,,,,,,,,,,0.55773,0.54809,0.55026,0.54546,,,,,,,,,0.44593,0.43923,0.44343,0.44787,,,,,,,,,0.37146,0.32774,0.34406,0.34891,,,,,,,,,0.20928,0.20803,0.20139,0.21403,,,,,,,,,0.15681,0.16359,0.15988,0.1545,,,,,,,,,0.17773,0.18443,0.18667,0.17613,,,,
10364s,37.3 °C,,,,,,,,,,,,,,,,,0.56508,0.55829,0.56366,0.554,,,,,,,,,0.45666,0.44588,0.45123,0.45749,,,,,,,,,0.37989,0.33361,0.35287,0.35379,,,,,,,,,0.21422,0.21327,0.2082,0.21961,,,,,,,,,0.16169,0.1703,0.16506,0.1577,,,,,,,,,0.19126,0.19598,0.19919,0.1879,,,,
10687s,37.2 °C,,,,,,,,,,,,,,,,,0.57311,0.56553,0.57034,0.56072,,,,,,,,,0.46441,0.45331,0.46006,0.4657,,,,,,,,,0.38904,0.34081,0.3593,0.36286,,,,,,,,,0.21888,0.21801,0.21396,0.22506,,,,,,,,,0.16656,0.17632,0.17069,0.16241,,,,,,,,,0.2071,0.20731,0.21268,0.20408,,,,
11011s,37.2 °C,,,,,,,,,,,,,,,,,0.57987,0.57123,0.57503,0.56654,,,,,,,,,0.47071,0.46317,0.46933,0.47239,,,,,,,,,0.39921,0.35272,0.37051,0.3727,,,,,,,,,0.22719,0.22711,0.22307,0.233,,,,,,,,,0.17187,0.18233,0.17721,0.1676,,,,,,,,,0.22222,0.21962,0.2249,0.21914,,,,
11335s,37.2 °C,,,,,,,,,,,,,,,,,0.5848,0.57683,0.57944,0.57037,,,,,,,,,0.47726,0.46561,0.47566,0.47882,,,,,,,,,0.40251,0.35897,0.37814,0.38402,,,,,,,,,0.23266,0.23592,0.23157,0.23953,,,,,,,,,0.17767,0.18851,0.18298,0.17378,,,,,,,,,0.23443,0.23034,0.23582,0.2329,,,,
11659s,37.3 °C,,,,,,,,,,,,,,,,,0.59709,0.57997,0.59926,0.57898,,,,,,,,,0.47938,0.4715,0.48074,0.48244,,,,,,,,,0.3933,0.36204,0.3781,0.38707,,,,,,,,,0.23141,0.23556,0.23476,0.2344,,,,,,,,,0.18079,0.18986,0.18469,0.1782,,,,,,,,,0.24722,0.24306,0.24734,0.24566,,,,
11982s,37.2 °C,,,,,,,,,,,,,,,,,0.59807,0.58302,0.60259,0.57548,,,,,,,,,0.49084,0.48688,0.48991,0.49041,,,,,,,,,0.40898,0.35488,0.3715,0.38307,,,,,,,,,0.23271,0.23036,0.23251,0.23322,,,,,,,,,0.18318,0.18671,0.184,0.18003,,,,,,,,,0.25914,0.25677,0.26173,0.2624,,,,
12306s,37.2 °C,,,,,,,,,,,,,,,,,0.60877,0.59948,0.61286,0.60186,,,,,,,,,0.50173,0.50241,0.51223,0.50199,,,,,,,,,0.41979,0.36996,0.38264,0.40182,,,,,,,,,0.24207,0.23999,0.25209,0.24888,,,,,,,,,0.1775,0.1858,0.18427,0.17871,,,,,,,,,0.27304,0.26878,0.27367,0.27826,,,,
12630s,37.2 °C,,,,,,,,,,,,,,,,,0.63386,0.59131,0.63467,0.61459,,,,,,,,,0.52729,0.51503,0.52517,0.50547,,,,,,,,,0.42873,0.39089,0.42011,0.41639,,,,,,,,,0.25406,0.2443,0.26932,0.24696,,,,,,,,,0.19037,0.18617,0.18357,0.18307,,,,,,,,,0.28786,0.28406,0.28727,0.29153,,,,
12954s,37.2 °C,,,,,,,,,,,,,,,,,0.6379,0.62106,0.64353,0.62447,,,,,,,,,0.52508,0.49997,0.52976,0.53398,,,,,,,,,0.43109,0.42004,0.40837,0.48626,,,,,,,,,0.25502,0.256,0.25844,0.26996,,,,,,,,,0.17823,0.18813,0.19114,0.18549,,,,,,,,,0.30067,0.29586,0.2975,0.3052,,,,
13277s,37.3 °C,,,,,,,,,,,,,,,,,0.63658,0.66143,0.66222,0.62426,,,,,,,,,0.5135,0.53362,0.54024,0.54547,,,,,,,,,0.49494,0.36402,0.4492,0.49208,,,,,,,,,0.29108,0.25802,0.27637,0.25366,,,,,,,,,0.18434,0.19569,0.21829,0.18804,,,,,,,,,0.3123,0.31034,0.3102,0.31924,,,,
13601s,37.2 °C,,,,,,,,,,,,,,,,,0.65052,0.61923,0.68599,0.63734,,,,,,,,,0.58327,0.55147,0.58076,0.53991,,,,,,,,,0.48608,0.42261,0.44254,0.45872,,,,,,,,,0.29918,0.27886,0.2734,0.27829,,,,,,,,,0.18804,0.20221,0.201,0.19731,,,,,,,,,0.32978,0.32368,0.32256,0.33357,,,,
13925s,37.3 °C,,,,,,,,,,,,,,,,,0.6636,0.62178,0.70689,0.65119,,,,,,,,,0.54882,0.58108,0.60492,0.54193,,,,,,,,,0.5418,0.4589,0.48688,0.52626,,,,,,,,,0.28086,0.29044,0.27872,0.27693,,,,,,,,,0.19791,0.19538,0.22014,0.2039,,,,,,,,,0.34141,0.3379,0.33719,0.35062,,,,
14249s,37.2 °C,,,,,,,,,,,,,,,,,0.66732,0.63467,0.65897,0.64623,,,,,,,,,0.59092,0.60953,0.60489,0.6018,,,,,,,,,0.51622,0.45434,0.44348,0.55142,,,,,,,,,0.26486,0.29217,0.29002,0.2791,,,,,,,,,0.21369,0.2126,0.21826,0.20513,,,,,,,,,0.35487,0.35061,0.34874,0.36422,,,,
14572s,37.3 °C,,,,,,,,,,,,,,,,,0.69527,0.72902,0.64921,0.6886,,,,,,,,,0.62713,0.60448,0.6329,0.5547,,,,,,,,,0.50273,0.44911,0.53133,0.50477,,,,,,,,,0.2848,0.29147,0.28608,0.27851,,,,,,,,,0.21899,0.21116,0.22227,0.19174,,,,,,,,,0.36942,0.36493,0.36217,0.37931,,,,
14896s,37.3 °C,,,,,,,,,,,,,,,,,0.69488,0.70743,0.74602,0.69176,,,,,,,,,0.57251,0.61008,0.54102,0.62199,,,,,,,,,0.55273,0.45932,0.43172,0.44232,,,,,,,,,0.24518,0.25716,0.30246,0.26384,,,,,,,,,0.2065,0.22197,0.21909,0.20989,,,,,,,,,0.38657,0.37841,0.37627,0.39438,,,,
15220s,37.2 °C,,,,,,,,,,,,,,,,,0.71722,0.73592,0.68392,0.74426,,,,,,,,,0.54313,0.526,0.5693,0.62706,,,,,,,,,0.52658,0.30473,0.38084,0.37766,,,,,,,,,0.27663,0.25609,0.27419,0.25501,,,,,,,,,0.17882,0.2082,0.22202,0.20997,,,,,,,,,0.4019,0.38778,0.38889,0.4093,,,,
15543s,37.3 °C,,,,,,,,,,,,,,,,,0.68161,0.80694,0.68958,0.76871,,,,,,,,,0.71301,0.63277,0.61973,0.61702,,,,,,,,,0.50133,0.46069,0.55122,0.43923,,,,,,,,,0.25669,0.25329,0.27647,0.27581,,,,,,,,,0.20197,0.21108,0.22264,0.2245,,,,,,,,,0.41533,0.40363,0.40202,0.42327,,,,
15867s,37.3 °C,,,,,,,,,,,,,,,,,0.69604,0.81541,0.72411,0.76383,,,,,,,,,0.55137,0.64939,0.56163,0.5436,,,,,,,,,0.57148,0.42298,0.38019,0.42899,,,,,,,,,0.25283,0.2268,0.25653,0.28253,,,,,,,,,0.20351,0.22082,0.2222,0.21048,,,,,,,,,0.42974,0.41351,0.4164,0.43638,,,,
16191s,37.2 °C,,,,,,,,,,,,,,,,,0.7452,0.68842,0.70249,0.76914,,,,,,,,,0.72558,0.58724,0.55941,0.54796,,,,,,,,,0.43543,0.40416,0.45726,0.44037,,,,,,,,,0.16686,0.24994,0.27463,0.21308,,,,,,,,,0.16379,0.19577,0.21509,0.17698,,,,,,,,,0.44556,0.42726,0.43152,0.45093,,,,
16515s,37.3 °C,,,,,,,,,,,,,,,,,0.71461,0.71429,0.73944,0.64858,,,,,,,,,0.55596,0.48574,0.65304,0.50537,,,,,,,,,0.48534,0.27793,0.48214,0.39398,,,,,,,,,0.16827,0.22646,0.2741,0.2453,,,,,,,,,0.16976,0.16054,0.23208,0.17399,,,,,,,,,0.4584,0.44032,0.44567,0.4664,,,,
16838s,37.3 °C,,,,,,,,,,,,,,,,,0.70071,0.76097,0.75996,0.73077,,,,,,,,,0.65791,0.46898,0.60428,0.66353,,,,,,,,,0.47267,0.33016,0.3478,0.4981,,,,,,,,,0.24654,0.2295,0.27521,0.25273,,,,,,,,,0.19122,0.21189,0.17769,0.18202,,,,,,,,,0.47489,0.45357,0.46131,0.48174,,,,
17162s,37.3 °C,,,,,,,,,,,,,,,,,0.77862,0.79538,0.7005,0.69738,,,,,,,,,0.6095,0.47112,0.57567,0.5424,,,,,,,,,0.41388,0.42341,0.43231,0.39511,,,,,,,,,0.16734,0.19916,0.22571,0.21424,,,,,,,,,0.16859,0.16787,0.15973,0.19369,,,,,,,,,0.48953,0.46722,0.47607,0.49502,,,,
17486s,37.4 °C,,,,,,,,,,,,,,,,,0.64513,0.8438,0.67561,0.68408,,,,,,,,,0.60203,0.56814,0.62708,0.49366,,,,,,,,,0.57388,0.45886,0.4088,0.49168,,,,,,,,,0.20052,0.19777,0.25907,0.19272,,,,,,,,,0.1816,0.14108,0.20322,0.1768,,,,,,,,,0.5035,0.48116,0.49152,0.51023,,,,
17810s,37.3 °C,,,,,,,,,,,,,,,,,0.84661,0.73994,0.64396,0.7446,,,,,,,,,0.57913,0.6176,0.57442,0.58529,,,,,,,,,0.37431,0.39001,0.38031,0.46732,,,,,,,,,0.14749,0.20084,0.23803,0.20427,,,,,,,,,0.17413,0.16306,0.178,0.17639,,,,,,,,,0.51891,0.49648,0.50502,0.52562,,,,
18133s,37.3 °C,,,,,,,,,,,,,,,,,0.74602,0.79386,0.8339,0.67382,,,,,,,,,0.61139,0.51211,0.60621,0.54873,,,,,,,,,0.43757,0.51064,0.55042,0.43109,,,,,,,,,0.18131,0.14324,0.23853,0.22638,,,,,,,,,0.1826,0.13491,0.15821,0.16579,,,,,,,,,0.53403,0.5115,0.52128,0.54058,,,,
18457s,37.2 °C,,,,,,,,,,,,,,,,,0.84268,0.77804,0.61674,0.61159,,,,,,,,,0.44832,0.57467,0.48912,0.47411,,,,,,,,,0.50871,0.49716,0.52693,0.38363,,,,,,,,,0.18882,0.1848,0.22629,0.1775,,,,,,,,,0.14109,0.15977,0.13638,0.1706,,,,,,,,,0.54864,0.52569,0.53662,0.55646,,,,
18781s,37.3 °C,,,,,,,,,,,,,,,,,0.73403,0.77086,0.7325,0.73041,,,,,,,,,0.45318,0.49324,0.64099,0.57588,,,,,,,,,0.54414,0.3481,0.40106,0.35201,,,,,,,,,0.12902,0.16856,0.25627,0.17918,,,,,,,,,0.14001,0.14546,0.12839,0.15876,,,,,,,,,0.56521,0.53868,0.55209,0.57236,,,,
19104s,37.3 °C,,,,,,,,,,,,,,,,,0.68296,0.72478,0.7985,0.66757,,,,,,,,,0.4734,0.45742,0.53567,0.51487,,,,,,,,,0.52687,0.26266,0.48804,0.45776,,,,,,,,,0.19333,0.18809,0.19709,0.20851,,,,,,,,,0.12682,0.14241,0.13707,0.15124,,,,,,,,,0.57963,0.55497,0.56791,0.58804,,,,
19428s,37.3 °C,,,,,,,,,,,,,,,,,0.63744,0.81242,0.6364,0.6675,,,,,,,,,0.43627,0.51614,0.55727,0.5518,,,,,,,,,0.44063,0.48007,0.48018,0.37673,,,,,,,,,0.15847,0.1503,0.18387,0.12806,,,,,,,,,0.12799,0.1345,0.12442,0.13587,,,,,,,,,0.59331,0.57024,0.5824,0.60697,,,,
19752s,37.3 °C,,,,,,,,,,,,,,,,,0.63068,0.73634,0.74016,0.56692,,,,,,,,,0.49259,0.5564,0.63233,0.59202,,,,,,,,,0.388,0.44461,0.42624,0.48632,,,,,,,,,0.17716,0.21902,0.1783,0.15319,,,,,,,,,0.13016,0.13166,0.16862,0.13194,,,,,,,,,0.60843,0.58471,0.60071,0.62441,,,,
20076s,37.3 °C,,,,,,,,,,,,,,,,,0.67006,0.746,0.7684,0.59799,,,,,,,,,0.57613,0.46542,0.44074,0.44606,,,,,,,,,0.46512,0.3492,0.39399,0.3876,,,,,,,,,0.17176,0.15924,0.20979,0.15929,,,,,,,,,0.13489,0.12838,0.12428,0.13208,,,,,,,,,0.6247,0.60087,0.61952,0.64369,,,,
20399s,37.3 °C,,,,,,,,,,,,,,,,,0.67198,0.63753,0.58719,0.54321,,,,,,,,,0.44751,0.42796,0.57263,0.50602,,,,,,,,,0.52159,0.26329,0.4548,0.37526,,,,,,,,,0.15719,0.14131,0.16649,0.22651,,,,,,,,,0.12584,0.12833,0.15843,0.12984,,,,,,,,,0.63962,0.61461,0.63301,0.66199,,,,
20723s,37.3 °C,,,,,,,,,,,,,,,,,0.63944,0.67101,0.67243,0.62022,,,,,,,,,0.5013,0.48159,0.50799,0.57438,,,,,,,,,0.30201,0.27326,0.40357,0.3742,,,,,,,,,0.14602,0.1374,0.21088,0.14023,,,,,,,,,0.12213,0.12731,0.13341,0.11788,,,,,,,,,0.65466,0.62673,0.64919,0.68017,,,,
21047s,37.3 °C,,,,,,,,,,,,,,,,,0.61444,0.68462,0.6775,0.59719,,,,,,,,,0.46356,0.45274,0.46229,0.46087,,,,,,,,,0.3249,0.32271,0.38214,0.39573,,,,,,,,,0.17563,0.18093,0.16267,0.16058,,,,,,,,,0.12189,0.12698,0.14814,0.14178,,,,,,,,,0.66802,0.64126,0.66513,0.69858,,,,
21370s,37.3 °C,,,,,,,,,,,,,,,,,0.63301,0.70629,0.71953,0.51137,,,,,,,,,0.40742,0.43758,0.4469,0.59516,,,,,,,,,0.27363,0.29956,0.3413,0.38218,,,,,,,,,0.14982,0.17678,0.20219,0.15286,,,,,,,,,0.12163,0.12644,0.13281,0.1235,,,,,,,,,0.68156,0.6531,0.67811,0.71521,,,,
21694s,37.3 °C,,,,,,,,,,,,,,,,,0.66958,0.58217,0.71413,0.53207,,,,,,,,,0.4928,0.4296,0.42264,0.49628,,,,,,,,,0.4575,0.36863,0.38543,0.31497,,,,,,,,,0.13517,0.13123,0.20872,0.19171,,,,,,,,,0.11992,0.12613,0.12453,0.11793,,,,,,,,,0.69767,0.66711,0.69659,0.73263,,,,
22018s,37.3 °C,,,,,,,,,,,,,,,,,0.66057,0.68327,0.75319,0.56192,,,,,,,,,0.52017,0.39004,0.50944,0.57779,,,,,,,,,0.46908,0.30656,0.4219,0.32064,,,,,,,,,0.15646,0.13399,0.17102,0.15993,,,,,,,,,0.11913,0.126,0.11846,0.12632,,,,,,,,,0.71344,0.6792,0.71149,0.7482,,,,
22342s,37.3 °C,,,,,,,,,,,,,,,,,0.68528,0.54296,0.6983,0.52798,,,,,,,,,0.45904,0.40072,0.46582,0.47294,,,,,,,,,0.26959,0.29604,0.37112,0.2975,,,,,,,,,0.14349,0.14361,0.15319,0.1699,,,,,,,,,0.11829,0.12603,0.13146,0.11458,,,,,,,,,0.72958,0.69281,0.7236,0.76593,,,,
22665s,37.3 °C,,,,,,,,,,,,,,,,,0.63421,0.67329,0.50388,0.60014,,,,,,,,,0.5932,0.43527,0.51507,0.55373,,,,,,,,,0.3494,0.39559,0.36528,0.3016,,,,,,,,,0.13149,0.13038,0.14496,0.16518,,,,,,,,,0.11779,0.12584,0.1297,0.11897,,,,,,,,,0.74413,0.71129,0.74168,0.78231,,,,
22989s,37.2 °C,,,,,,,,,,,,,,,,,0.49372,0.57894,0.42438,0.5269,,,,,,,,,0.54771,0.4223,0.47257,0.4228,,,,,,,,,0.37047,0.26687,0.33182,0.28243,,,,,,,,,0.13281,0.16957,0.18443,0.16329,,,,,,,,,0.11831,0.12596,0.12426,0.12488,,,,,,,,,0.75556,0.72277,0.75521,0.79761,,,,
23313s,37.3 °C,,,,,,,,,,,,,,,,,0.56662,0.48257,0.47914,0.53983,,,,,,,,,0.4971,0.45127,0.41927,0.42144,,,,,,,,,0.456,0.3262,0.31874,0.30497,,,,,,,,,0.14204,0.14908,0.1885,0.13517,,,,,,,,,0.11782,0.12572,0.1292,0.11717,,,,,,,,,0.7688,0.73926,0.77106,0.81054,,,,
23636s,37.3 °C,,,,,,,,,,,,,,,,,0.45853,0.66952,0.49897,0.58221,,,,,,,,,0.41091,0.38951,0.51184,0.38393,,,,,,,,,0.28739,0.34384,0.48112,0.26586,,,,,,,,,0.13347,0.13109,0.14727,0.13251,,,,,,,,,0.11727,0.12601,0.12782,0.12636,,,,,,,,,0.78007,0.75291,0.78448,0.8234,,,,
23960s,37.3 °C,,,,,,,,,,,,,,,,,0.42591,0.58321,0.45446,0.50737,,,,,,,,,0.38936,0.39873,0.58129,0.44283,,,,,,,,,0.384,0.35842,0.41332,0.28501,,,,,,,,,0.14068,0.15852,0.14378,0.1363,,,,,,,,,0.11724,0.12603,0.12429,0.12551,,,,,,,,,0.79493,0.76513,0.7976,0.83773,,,,
24284s,37.2 °C,,,,,,,,,,,,,,,,,0.51507,0.45636,0.49523,0.5669,,,,,,,,,0.47656,0.32778,0.52701,0.47771,,,,,,,,,0.47291,0.30513,0.38401,0.31564,,,,,,,,,0.13734,0.13158,0.15058,0.13333,,,,,,,,,0.11743,0.12622,0.11902,0.12356,,,,,,,,,0.80984,0.7771,0.81159,0.85203,,,,
24608s,37.3 °C,,,,,,,,,,,,,,,,,0.55194,0.59352,0.53424,0.52497,,,,,,,,,0.35159,0.37529,0.51077,0.41728,,,,,,,,,0.27908,0.33318,0.3599,0.29107,,,,,,,,,0.13559,0.15349,0.14191,0.14567,,,,,,,,,0.1175,0.12637,0.12501,0.11604,,,,,,,,,0.82222,0.7858,0.82382,0.86378,,,,
24931s,37.2 °C,,,,,,,,,,,,,,,,,0.56513,0.58717,0.45812,0.56989,,,,,,,,,0.41208,0.35923,0.43347,0.45847,,,,,,,,,0.27106,0.32701,0.38497,0.24481,,,,,,,,,0.13561,0.14106,0.14141,0.13344,,,,,,,,,0.11773,0.1265,0.12058,0.11659,,,,,,,,,0.83396,0.79684,0.83788,0.87771,,,,
25255s,37.3 °C,,,,,,,,,,,,,,,,,0.55551,0.5893,0.54014,0.665,,,,,,,,,0.4386,0.45171,0.40996,0.39282,,,,,,,,,0.34453,0.34598,0.34247,0.25331,,,,,,,,,0.13477,0.13894,0.14384,0.14442,,,,,,,,,0.11787,0.12677,0.12298,0.12217,,,,,,,,,0.84562,0.80501,0.84798,0.88999,,,,
25579s,37.2 °C,,,,,,,,,,,,,,,,,0.47977,0.42577,0.48428,0.62281,,,,,,,,,0.40954,0.32978,0.37401,0.47702,,,,,,,,,0.45531,0.31303,0.42506,0.26457,,,,,,,,,0.13546,0.13447,0.15314,0.14167,,,,,,,,,0.11814,0.1271,0.12134,0.11937,,,,,,,,,0.85494,0.81619,0.86022,0.90443,,,,
25903s,37.2 °C,,,,,,,,,,,,,,,,,0.46821,0.58602,0.42219,0.48136,,,,,,,,,0.49643,0.31818,0.36518,0.43947,,,,,,,,,0.40174,0.31253,0.3265,0.24533,,,,,,,,,0.13579,0.14868,0.14196,0.13684,,,,,,,,,0.11838,0.1272,0.12177,0.12034,,,,,,,,,0.87153,0.82638,0.87061,0.91613,,,,
26227s,37.3 °C,,,,,,,,,,,,,,,,,0.60433,0.4595,0.46814,0.54453,,,,,,,,,0.33781,0.46683,0.45876,0.34253,,,,,,,,,0.45936,0.32489,0.41408,0.26323,,,,,,,,,0.13654,0.13641,0.14386,0.13761,,,,,,,,,0.11904,0.12788,0.12423,0.11994,,,,,,,,,0.88732,0.83792,0.88538,0.92896,,,,
26551s,37.3 °C,,,,,,,,,,,,,,,,,0.69331,0.43792,0.4025,0.53668,,,,,,,,,0.43613,0.4197,0.41004,0.42318,,,,,,,,,0.48176,0.271,0.31037,0.25172,,,,,,,,,0.13713,0.14403,0.14511,0.13767,,,,,,,,,0.11929,0.12801,0.12259,0.11827,,,,,,,,,0.89696,0.85081,0.89917,0.94236,,,,
26874s,37.2 °C,,,,,,,,,,,,,,,,,0.56767,0.39337,0.37616,0.54307,,,,,,,,,0.34469,0.36239,0.38447,0.37278,,,,,,,,,0.26083,0.2969,0.46113,0.26969,,,,,,,,,0.13799,0.14546,0.14307,0.14157,,,,,,,,,0.11957,0.12856,0.12501,0.12697,,,,,,,,,0.90918,0.86828,0.91491,0.95509,,,,
27198s,37.4 °C,,,,,,,,,,,,,,,,,0.56151,0.42496,0.43189,0.49214,,,,,,,,,0.50234,0.36142,0.40716,0.39043,,,,,,,,,0.43753,0.32422,0.36029,0.25309,,,,,,,,,0.13878,0.13927,0.14513,0.13938,,,,,,,,,0.11987,0.12854,0.12401,0.11934,,,,,,,,,0.9239,0.88068,0.92812,0.96822,,,,
27522s,37.4 °C,,,,,,,,,,,,,,,,,0.41016,0.53769,0.43661,0.43649,,,,,,,,,0.35676,0.34264,0.40034,0.40588,,,,,,,,,0.32751,0.35167,0.33641,0.25937,,,,,,,,,0.13969,0.15038,0.14197,0.14038,,,,,,,,,0.12023,0.1291,0.12631,0.1247,,,,,,,,,0.9351,0.89284,0.94283,0.98209,,,,
27845s,37.3 °C,,,,,,,,,,,,,,,,,0.45264,0.55108,0.41393,0.4296,,,,,,,,,0.40851,0.37884,0.4533,0.3922,,,,,,,,,0.41942,0.30872,0.32664,0.24762,,,,,,,,,0.14057,0.14172,0.14461,0.14172,,,,,,,,,0.12066,0.12946,0.12433,0.12714,,,,,,,,,0.94959,0.90789,0.95727,0.99633,,,,
28169s,37.4 °C,,,,,,,,,,,,,,,,,0.50318,0.43546,0.49417,0.44589,,,,,,,,,0.45981,0.31849,0.40473,0.39854,,,,,,,,,0.32817,0.34043,0.36189,0.26674,,,,,,,,,0.14178,0.14603,0.15061,0.14264,,,,,,,,,0.12113,0.1299,0.1257,0.12402,,,,,,,,,0.9643,0.92267,0.97299,1.013,,,,
28493s,37.2 °C,,,,,,,,,,,,,,,,,0.54226,0.46738,0.53591,0.40812,,,,,,,,,0.33857,0.4571,0.40773,0.37884,,,,,,,,,0.40041,0.30627,0.33934,0.25673,,,,,,,,,0.14282,0.14979,0.14909,0.14417,,,,,,,,,0.12152,0.13044,0.12649,0.1249,,,,,,,,,0.97931,0.93801,0.9872,1.0303,,,,
28817s,37.2 °C,,,,,,,,,,,,,,,,,0.54031,0.38532,0.38962,0.40823,,,,,,,,,0.38192,0.43629,0.42643,0.34784,,,,,,,,,0.36641,0.32458,0.34716,0.25354,,,,,,,,,0.14401,0.14543,0.14786,0.14491,,,,,,,,,0.12221,0.13113,0.12598,0.12574,,,,,,,,,0.99964,0.95973,1.0056,1.0495,,,,
29140s,37.3 °C,,,,,,,,,,,,,,,,,0.53686,0.5627,0.44562,0.40034,,,,,,,,,0.4017,0.38736,0.40272,0.36376,,,,,,,,,0.33047,0.33537,0.347,0.2655,,,,,,,,,0.14523,0.14764,0.14884,0.14611,,,,,,,,,0.12266,0.13156,0.12686,0.12233,,,,,,,,,1.0144,0.97272,1.0216,1.0672,,,,
29464s,37.3 °C,,,,,,,,,,,,,,,,,0.53971,0.55727,0.50182,0.3467,,,,,,,,,0.42353,0.35542,0.49894,0.37324,,,,,,,,,0.36677,0.383,0.39412,0.29104,,,,,,,,,0.14656,0.15276,0.15126,0.14734,,,,,,,,,0.12341,0.13233,0.12733,0.1247,,,,,,,,,1.0307,0.9934,1.0392,1.0847,,,,
29788s,37.3 °C,,,,,,,,,,,,,,,,,0.55738,0.40037,0.54476,0.39849,,,,,,,,,0.46064,0.44021,0.40781,0.35679,,,,,,,,,0.4076,0.31013,0.34874,0.29401,,,,,,,,,0.14776,0.14971,0.15212,0.1485,,,,,,,,,0.12399,0.13256,0.1288,0.12451,,,,,,,,,1.0468,1.0149,1.0605,1.1027,,,,
30112s,37.3 °C,,,,,,,,,,,,,,,,,0.6055,0.46138,0.38663,0.42126,,,,,,,,,0.3502,0.3955,0.41361,0.43449,,,,,,,,,0.30097,0.34211,0.31542,0.28797,,,,,,,,,0.14921,0.15274,0.15564,0.15002,,,,,,,,,0.12469,0.13324,0.12888,0.12549,,,,,,,,,1.069,1.0352,1.0898,1.1248,,,,
30435s,37.3 °C,,,,,,,,,,,,,,,,,0.4681,0.46822,0.4481,0.4312,,,,,,,,,0.48634,0.38093,0.4019,0.38816,,,,,,,,,0.33661,0.31309,0.39781,0.28107,,,,,,,,,0.15064,0.15607,0.15704,0.15128,,,,,,,,,0.12533,0.13392,0.12943,0.1253,,,,,,,,,1.0914,1.063,1.1251,1.1542,,,,
30759s,37.3 °C,,,,,,,,,,,,,,,,,0.48358,0.4186,0.50536,0.3982,,,,,,,,,0.39902,0.42109,0.43787,0.3773,,,,,,,,,0.34903,0.34741,0.31957,0.27972,,,,,,,,,0.15222,0.15816,0.15794,0.15282,,,,,,,,,0.12606,0.13461,0.13038,0.12559,,,,,,,,,1.1239,1.0966,1.162,1.1851,,,,
31083s,37.3 °C,,,,,,,,,,,,,,,,,0.70109,0.38828,0.63402,0.37877,,,,,,,,,0.42099,0.43131,0.42737,0.44028,,,,,,,,,0.41404,0.33193,0.34274,0.30389,,,,,,,,,0.1537,0.15686,0.16142,0.15423,,,,,,,,,0.12686,0.13547,0.13112,0.12639,,,,,,,,,1.1503,1.1368,1.19,1.2117,,,,
31406s,37.4 °C,,,,,,,,,,,,,,,,,0.61561,0.52641,0.56998,0.41981,,,,,,,,,0.46993,0.4539,0.36004,0.38676,,,,,,,,,0.32013,0.31811,0.33264,0.29729,,,,,,,,,0.15516,0.15858,0.16104,0.1558,,,,,,,,,0.12768,0.13559,0.13213,0.12774,,,,,,,,,1.1786,1.1702,1.2071,1.232,,,,
31730s,37.3 °C,,,,,,,,,,,,,,,,,0.59506,0.50026,0.56371,0.38129,,,,,,,,,0.34737,0.38052,0.40322,0.38236,,,,,,,,,0.40138,0.36581,0.39753,0.31372,,,,,,,,,0.15691,0.16023,0.1658,0.15744,,,,,,,,,0.12858,0.13656,0.13317,0.12851,,,,,,,,,1.2001,1.1994,1.2282,1.25,,,,
32054s,37.3 °C,,,,,,,,,,,,,,,,,0.5637,0.42989,0.5821,0.38416,,,,,,,,,0.41928,0.40646,0.46591,0.37,,,,,,,,,0.36151,0.32184,0.35216,0.29971,,,,,,,,,0.15877,0.16337,0.16901,0.15921,,,,,,,,,0.12947,0.13727,0.13428,0.12921,,,,,,,,,1.2195,1.216,1.2447,1.2697,,,,
32378s,37.3 °C,,,,,,,,,,,,,,,,,0.48393,0.41071,0.61087,0.38629,,,,,,,,,0.38461,0.41734,0.42681,0.41324,,,,,,,,,0.32491,0.34102,0.36834,0.30921,,,,,,,,,0.16048,0.16498,0.16814,0.1611,,,,,,,,,0.13028,0.13782,0.13492,0.1309,,,,,,,,,1.2355,1.2375,1.2666,1.2884,,,,
32701s,37.4 °C,,,,,,,,,,,,,,,,,0.53643,0.39964,0.47578,0.38644,,,,,,,,,0.39481,0.41127,0.46094,0.41462,,,,,,,,,0.34066,0.33231,0.34906,0.31771,,,,,,,,,0.1625,0.16592,0.1704,0.16307,,,,,,,,,0.13156,0.13963,0.13642,0.13091,,,,,,,,,1.2496,1.2559,1.2848,1.3029,,,,
33025s,37.3 °C,,,,,,,,,,,,,,,,,0.56413,0.52476,0.45936,0.39967,,,,,,,,,0.40669,0.40914,0.39464,0.4186,,,,,,,,,0.41619,0.33152,0.40017,0.32023,,,,,,,,,0.16448,0.16809,0.17284,0.16488,,,,,,,,,0.1327,0.14041,0.13733,0.13147,,,,,,,,,1.2634,1.277,1.3001,1.3197,,,,
33349s,37.3 °C,,,,,,,,,,,,,,,,,0.60838,0.53037,0.42858,0.46601,,,,,,,,,0.39099,0.43861,0.45319,0.38216,,,,,,,,,0.38536,0.36472,0.34992,0.32291,,,,,,,,,0.16659,0.1723,0.17513,0.16724,,,,,,,,,0.13387,0.14126,0.13884,0.13243,,,,,,,,,1.2812,1.2937,1.315,1.331,,,,
33673s,37.3 °C,,,,,,,,,,,,,,,,,0.47956,0.46679,0.42583,0.39426,,,,,,,,,0.39752,0.39199,0.40458,0.43743,,,,,,,,,0.35743,0.3407,0.34866,0.33127,,,,,,,,,0.16883,0.17521,0.17792,0.16928,,,,,,,,,0.1351,0.1421,0.14009,0.13332,,,,,,,,,1.297,1.3143,1.3251,1.3423,,,,
33996s,37.3 °C,,,,,,,,,,,,,,,,,0.60388,0.50256,0.43673,0.4278,,,,,,,,,0.44598,0.43144,0.39442,0.40797,,,,,,,,,0.40027,0.36234,0.36167,0.33656,,,,,,,,,0.1712,0.17618,0.18044,0.17168,,,,,,,,,0.13658,0.1431,0.14152,0.13448,,,,,,,,,1.3052,1.3276,1.3436,1.3532,,,,
34320s,37.3 °C,,,,,,,,,,,,,,,,,0.49847,0.55531,0.59611,0.42504,,,,,,,,,0.41167,0.41124,0.43177,0.41172,,,,,,,,,0.36124,0.35586,0.37898,0.33562,,,,,,,,,0.17381,0.17891,0.18337,0.1743,,,,,,,,,0.13802,0.1445,0.14299,0.13509,,,,,,,,,1.3188,1.3427,1.3482,1.3608,,,,
34644s,37.3 °C,,,,,,,,,,,,,,,,,0.50014,0.4188,0.43253,0.41553,,,,,,,,,0.43389,0.41523,0.44407,0.43811,,,,,,,,,0.36349,0.38167,0.39733,0.33969,,,,,,,,,0.17624,0.18122,0.18628,0.1768,,,,,,,,,0.1395,0.14587,0.14459,0.13619,,,,,,,,,1.328,1.3534,1.3564,1.3688,,,,
34967s,37.3 °C,,,,,,,,,,,,,,,,,0.51114,0.44649,0.53241,0.45131,,,,,,,,,0.46848,0.38517,0.4092,0.41322,,,,,,,,,0.36771,0.36058,0.42953,0.34343,,,,,,,,,0.17834,0.1835,0.18891,0.17904,,,,,,,,,0.1411,0.1471,0.1462,0.13761,,,,,,,,,1.3318,1.3645,1.365,1.373,,,,
35291s,37.3 °C,,,,,,,,,,,,,,,,,0.53208,0.52863,0.50034,0.4453,,,,,,,,,0.39634,0.45436,0.4371,0.42731,,,,,,,,,0.39606,0.36722,0.39677,0.34664,,,,,,,,,0.18122,0.18666,0.19157,0.18176,,,,,,,,,0.14327,0.1485,0.14801,0.13897,,,,,,,,,1.338,1.3746,1.3731,1.388,,,,
35615s,37.3 °C,,,,,,,,,,,,,,,,,0.50719,0.45911,0.52714,0.47821,,,,,,,,,0.4124,0.41177,0.42601,0.42851,,,,,,,,,0.37529,0.37629,0.37658,0.35347,,,,,,,,,0.18367,0.1891,0.19412,0.18406,,,,,,,,,0.14529,0.15032,0.15,0.14019,,,,,,,,,1.3514,1.3838,1.3794,1.3917,,,,
35939s,37.3 °C,,,,,,,,,,,,,,,,,0.61386,0.5407,0.61868,0.43939,,,,,,,,,0.42489,0.45587,0.41799,0.42278,,,,,,,,,0.47884,0.37899,0.4295,0.35908,,,,,,,,,0.18651,0.19243,0.19702,0.18723,,,,,,,,,0.14701,0.1523,0.15192,0.14169,,,,,,,,,1.3602,1.3885,1.389,1.4004,,,,
36262s,37.3 °C,,,,,,,,,,,,,,,,,0.55319,0.55036,0.53369,0.43676,,,,,,,,,0.42728,0.43747,0.46878,0.41653,,,,,,,,,0.42752,0.38083,0.39038,0.35411,,,,,,,,,0.1896,0.1953,0.20062,0.19021,,,,,,,,,0.14941,0.154,0.15409,0.14344,,,,,,,,,1.3627,1.3994,1.396,1.4043,,,,
36586s,37.3 °C,,,,,,,,,,,,,,,,,0.59373,0.46917,0.55047,0.44,,,,,,,,,0.42669,0.45711,0.51111,0.43341,,,,,,,,,0.39543,0.38431,0.40209,0.36624,,,,,,,,,0.19256,0.19853,0.20393,0.19358,,,,,,,,,0.15217,0.1561,0.15672,0.14523,,,,,,,,,1.3703,1.4075,1.4036,1.4126,,,,
36910s,37.3 °C,,,,,,,,,,,,,,,,,0.53572,0.46594,0.56914,0.44813,,,,,,,,,0.49406,0.43641,0.46207,0.45219,,,,,,,,,0.40749,0.38752,0.40984,0.38119,,,,,,,,,0.19564,0.20181,0.20729,0.19636,,,,,,,,,0.15502,0.1591,0.15884,0.147,,,,,,,,,1.3784,1.4188,1.4131,1.4222,,,,
37233s,37.2 °C,,,,,,,,,,,,,,,,,0.54022,0.49649,0.56767,0.45268,,,,,,,,,0.43896,0.42476,0.47243,0.46128,,,,,,,,,0.48406,0.39192,0.42368,0.38878,,,,,,,,,0.19904,0.20513,0.21087,0.19977,,,,,,,,,0.15721,0.16104,0.16149,0.14864,,,,,,,,,1.3789,1.4246,1.4213,1.4282,,,,
37557s,37.3 °C,,,,,,,,,,,,,,,,,0.55994,0.51892,0.58421,0.45169,,,,,,,,,0.45688,0.43283,0.43387,0.45472,,,,,,,,,0.43871,0.39751,0.41399,0.38448,,,,,,,,,0.20189,0.20901,0.21462,0.2029,,,,,,,,,0.16066,0.16364,0.16447,0.15054,,,,,,,,,1.3783,1.4293,1.4249,1.4244,,,,
37881s,37.3 °C,,,,,,,,,,,,,,,,,0.60688,0.54836,0.59629,0.4622,,,,,,,,,0.455,0.44073,0.43787,0.44898,,,,,,,,,0.40787,0.39912,0.42754,0.38939,,,,,,,,,0.20553,0.21289,0.21873,0.20669,,,,,,,,,0.16412,0.16617,0.16764,0.15312,,,,,,,,,1.3832,1.4378,1.4324,1.4323,,,,
38205s,37.3 °C,,,,,,,,,,,,,,,,,0.49186,0.58839,0.61544,0.46728,,,,,,,,,0.47236,0.46619,0.43901,0.43827,,,,,,,,,0.43021,0.40441,0.41599,0.39838,,,,,,,,,0.20922,0.21708,0.22281,0.21013,,,,,,,,,0.16767,0.1704,0.17124,0.15544,,,,,,,,,1.3902,1.4432,1.4368,1.4476,,,,
38528s,37.3 °C,,,,,,,,,,,,,,,,,0.51828,0.57119,0.64009,0.4752,,,,,,,,,0.48489,0.43394,0.46218,0.44367,,,,,,,,,0.4284,0.41123,0.42636,0.40293,,,,,,,,,0.21351,0.22159,0.22673,0.21453,,,,,,,,,0.17148,0.17318,0.17451,0.15784,,,,,,,,,1.3951,1.4507,1.4409,1.447,,,,
38852s,37.3 °C,,,,,,,,,,,,,,,,,0.49393,0.53331,0.60988,0.48437,,,,,,,,,0.48467,0.43808,0.46224,0.43853,,,,,,,,,0.48069,0.41063,0.43729,0.40957,,,,,,,,,0.21807,0.22604,0.23068,0.21927,,,,,,,,,0.17566,0.1768,0.17873,0.16042,,,,,,,,,1.4043,1.4556,1.441,1.4542,,,,
39176s,37.3 °C,,,,,,,,,,,,,,,,,0.5976,0.50842,0.61458,0.48952,,,,,,,,,0.46089,0.445,0.4552,0.44794,,,,,,,,,0.43196,0.41607,0.42868,0.41586,,,,,,,,,0.2226,0.23073,0.23517,0.22361,,,,,,,,,0.18034,0.18073,0.1827,0.16389,,,,,,,,,1.4084,1.4565,1.4405,1.4599,,,,
39500s,37.3 °C,,,,,,,,,,,,,,,,,0.50412,0.47412,0.63484,0.49742,,,,,,,,,0.44816,0.45727,0.45117,0.45412,,,,,,,,,0.43529,0.41892,0.43379,0.41521,,,,,,,,,0.22729,0.23553,0.23948,0.22883,,,,,,,,,0.18421,0.18476,0.18654,0.16638,,,,,,,,,1.4139,1.4569,1.4487,1.4594,,,,
39823s,37.3 °C,,,,,,,,,,,,,,,,,0.54099,0.50287,0.63449,0.49239,,,,,,,,,0.46343,0.44989,0.46164,0.45546,,,,,,,,,0.42909,0.42097,0.43773,0.41336,,,,,,,,,0.23266,0.24062,0.24417,0.23393,,,,,,,,,0.18854,0.18972,0.19138,0.17014,,,,,,,,,1.4195,1.4638,1.4563,1.472,,,,
40147s,37.3 °C,,,,,,,,,,,,,,,,,0.51894,0.50318,0.66734,0.4897,,,,,,,,,0.48138,0.46433,0.4594,0.46673,,,,,,,,,0.45023,0.4231,0.44529,0.41704,,,,,,,,,0.23776,0.24587,0.24922,0.23938,,,,,,,,,0.19352,0.19421,0.19603,0.17429,,,,,,,,,1.4257,1.466,1.4539,1.4762,,,,
40471s,37.3 °C,,,,,,,,,,,,,,,,,0.55503,0.5179,0.67668,0.51118,,,,,,,,,0.48578,0.47346,0.45873,0.45986,,,,,,,,,0.43156,0.4287,0.44542,0.41637,,,,,,,,,0.24289,0.25123,0.2543,0.24518,,,,,,,,,0.19668,0.19828,0.19993,0.17851,,,,,,,,,1.4313,1.4663,1.4538,1.4418,,,,
40795s,37.4 °C,,,,,,,,,,,,,,,,,0.68523,0.53812,0.67001,0.52288,,,,,,,,,0.47621,0.49017,0.47023,0.4588,,,,,,,,,0.44324,0.43147,0.44773,0.42956,,,,,,,,,0.24803,0.25651,0.25954,0.25034,,,,,,,,,0.20027,0.20336,0.20288,0.18263,,,,,,,,,1.4106,1.4747,1.4688,1.4501,,,,
41118s,37.4 °C,,,,,,,,,,,,,,,,,0.55192,0.51867,0.65348,0.5251,,,,,,,,,0.46153,0.48782,0.48872,0.47907,,,,,,,,,0.43408,0.43394,0.45076,0.43499,,,,,,,,,0.25339,0.26186,0.26452,0.25546,,,,,,,,,0.20464,0.20752,0.20619,0.18599,,,,,,,,,1.4166,1.4776,1.4758,1.4573,,,,
41442s,37.3 °C,,,,,,,,,,,,,,,,,0.49462,0.52147,0.63979,0.53073,,,,,,,,,0.4734,0.4803,0.47693,0.46838,,,,,,,,,0.45297,0.43653,0.45441,0.43476,,,,,,,,,0.25859,0.26756,0.27032,0.26031,,,,,,,,,0.20952,0.21201,0.20996,0.19032,,,,,,,,,1.4286,1.4755,1.481,1.4627,,,,
41766s,37.3 °C,,,,,,,,,,,,,,,,,0.53378,0.57717,0.60356,0.52017,,,,,,,,,0.46962,0.48422,0.48814,0.47121,,,,,,,,,0.45363,0.44056,0.45723,0.44412,,,,,,,,,0.26258,0.27298,0.27548,0.26551,,,,,,,,,0.2139,0.21651,0.214,0.19393,,,,,,,,,1.4302,1.4805,1.485,1.4583,,,,
42090s,37.3 °C,,,,,,,,,,,,,,,,,0.55659,0.5245,0.65816,0.51284,,,,,,,,,0.48836,0.48274,0.4797,0.48146,,,,,,,,,0.47193,0.44244,0.45963,0.44138,,,,,,,,,0.26736,0.27966,0.28047,0.26994,,,,,,,,,0.21777,0.22156,0.21823,0.19671,,,,,,,,,1.4358,1.4842,1.4836,1.4626,,,,
42414s,37.3 °C,,,,,,,,,,,,,,,,,0.60347,0.52288,0.69574,0.52489,,,,,,,,,0.47561,0.4892,0.4909,0.48206,,,,,,,,,0.46224,0.44541,0.46518,0.44384,,,,,,,,,0.27223,0.28527,0.28608,0.27472,,,,,,,,,0.22246,0.22593,0.22341,0.19983,,,,,,,,,1.435,1.4879,1.4863,1.462,,,,
42739s,37.3 °C,,,,,,,,,,,,,,,,,0.55478,0.52132,0.62904,0.52838,,,,,,,,,0.49023,0.4907,0.50311,0.48907,,,,,,,,,0.46342,0.44936,0.4682,0.44974,,,,,,,,,0.27691,0.29103,0.29104,0.2794,,,,,,,,,0.2279,0.23063,0.22779,0.20341,,,,,,,,,1.4387,1.5011,1.4842,1.4679,,,,
43063s,37.3 °C,,,,,,,,,,,,,,,,,0.54758,0.54723,0.5959,0.52283,,,,,,,,,0.48946,0.49426,0.49418,0.48657,,,,,,,,,0.46671,0.45274,0.47248,0.44871,,,,,,,,,0.28187,0.29664,0.29784,0.28446,,,,,,,,,0.23166,0.23411,0.23224,0.20751,,,,,,,,,1.4419,1.5028,1.4914,1.4713,,,,
43387s,37.4 °C,,,,,,,,,,,,,,,,,0.60434,0.50084,0.63072,0.5531,,,,,,,,,0.48349,0.50007,0.50366,0.49201,,,,,,,,,0.4694,0.45987,0.47813,0.45142,,,,,,,,,0.28698,0.30258,0.30417,0.28914,,,,,,,,,0.23576,0.23868,0.23667,0.21116,,,,,,,,,1.4423,1.5045,1.4923,1.4691,,,,
43710s,37.4 °C,,,,,,,,,,,,,,,,,0.58884,0.53131,0.63226,0.53673,,,,,,,,,0.49232,0.50351,0.50747,0.49692,,,,,,,,,0.47616,0.46218,0.48069,0.45608,,,,,,,,,0.29258,0.30906,0.31123,0.29439,,,,,,,,,0.23974,0.24357,0.24154,0.21538,,,,,,,,,1.4459,1.4972,1.4933,1.4726,,,,
44034s,37.3 °C,,,,,,,,,,,,,,,,,0.63133,0.58184,0.65074,0.55128,,,,,,,,,0.50436,0.5045,0.51183,0.50086,,,,,,,,,0.47539,0.46571,0.48436,0.45887,,,,,,,,,0.29814,0.31559,0.31857,0.30046,,,,,,,,,0.2438,0.24746,0.24578,0.21999,,,,,,,,,1.4434,1.5017,1.4956,1.4766,,,,
44358s,37.3 °C,,,,,,,,,,,,,,,,,0.65118,0.6218,0.66922,0.53801,,,,,,,,,0.49734,0.50923,0.5192,0.50079,,,,,,,,,0.4792,0.4683,0.48839,0.46254,,,,,,,,,0.30393,0.32158,0.32634,0.30706,,,,,,,,,0.24783,0.25252,0.25146,0.22414,,,,,,,,,1.4468,1.5053,1.499,1.4747,,,,
44682s,37.3 °C,,,,,,,,,,,,,,,,,0.5911,0.6276,0.67446,0.55324,,,,,,,,,0.52338,0.51302,0.52091,0.50342,,,,,,,,,0.48311,0.47361,0.49261,0.46522,,,,,,,,,0.31036,0.32936,0.33358,0.31322,,,,,,,,,0.25182,0.2564,0.25562,0.22903,,,,,,,,,1.4464,1.5061,1.5037,1.4738,,,,
45005s,37.2 °C,,,,,,,,,,,,,,,,,0.63861,0.65439,0.62944,0.53606,,,,,,,,,0.52346,0.5163,0.52373,0.50882,,,,,,,,,0.48602,0.4758,0.49674,0.46991,,,,,,,,,0.31711,0.33697,0.34237,0.31996,,,,,,,,,0.25607,0.26018,0.26046,0.23318,,,,,,,,,1.4513,1.5113,1.5077,1.4825,,,,
45329s,37.3 °C,,,,,,,,,,,,,,,,,0.68848,0.66469,0.619,0.53606,,,,,,,,,0.54058,0.525,0.53333,0.51468,,,,,,,,,0.48777,0.48232,0.50001,0.47363,,,,,,,,,0.32281,0.34407,0.35052,0.32539,,,,,,,,,0.26009,0.26428,0.26476,0.23714,,,,,,,,,1.4473,1.5111,1.4773,1.4866,,,,
45653s,37.3 °C,,,,,,,,,,,,,,,,,0.61474,0.57916,0.60389,0.54438,,,,,,,,,0.53986,0.52936,0.53693,0.51634,,,,,,,,,0.49268,0.48507,0.50752,0.47771,,,,,,,,,0.32953,0.35186,0.35867,0.33258,,,,,,,,,0.26416,0.26669,0.2698,0.24176,,,,,,,,,1.4457,1.5111,1.488,1.4821,,,,
45977s,37.2 °C,,,,,,,,,,,,,,,,,0.61358,0.53857,0.59943,0.55389,,,,,,,,,0.55542,0.5314,0.53862,0.51908,,,,,,,,,0.49706,0.48894,0.51216,0.4799,,,,,,,,,0.33667,0.35944,0.36699,0.3384,,,,,,,,,0.268,0.27254,0.27373,0.24589,,,,,,,,,1.445,1.5134,1.4903,1.4872,,,,
46301s,37.3 °C,,,,,,,,,,,,,,,,,0.65927,0.58727,0.62127,0.54972,,,,,,,,,0.5634,0.53501,0.53959,0.52249,,,,,,,,,0.50066,0.49348,0.51706,0.48437,,,,,,,,,0.34324,0.3678,0.375,0.34569,,,,,,,,,0.27229,0.27598,0.27894,0.2507,,,,,,,,,1.4327,1.5155,1.4909,1.4837,,,,
46624s,37.3 °C,,,,,,,,,,,,,,,,,0.65591,0.54842,0.61793,0.54712,,,,,,,,,0.5481,0.53836,0.54899,0.52646,,,,,,,,,0.50456,0.49677,0.52126,0.48764,,,,,,,,,0.34913,0.37549,0.3822,0.3518,,,,,,,,,0.27637,0.27967,0.28334,0.25493,,,,,,,,,1.4341,1.519,1.4896,1.4838,,,,
46948s,37.3 °C,,,,,,,,,,,,,,,,,0.62317,0.58634,0.64272,0.56022,,,,,,,,,0.55424,0.54378,0.54939,0.52946,,,,,,,,,0.50519,0.50104,0.52671,0.49098,,,,,,,,,0.35573,0.38242,0.38959,0.35826,,,,,,,,,0.28018,0.28383,0.2882,0.25951,,,,,,,,,1.4338,1.5209,1.4904,1.4855,,,,
47272s,37.4 °C,,,,,,,,,,,,,,,,,0.6099,0.58276,0.65309,0.57336,,,,,,,,,0.55936,0.5494,0.55551,0.5337,,,,,,,,,0.50934,0.50532,0.53111,0.49344,,,,,,,,,0.36167,0.38822,0.39658,0.36476,,,,,,,,,0.28468,0.28818,0.29339,0.26361,,,,,,,,,1.4371,1.5222,1.4927,1.49,,,,
47598s,37.3 °C,,,,,,,,,,,,,,,,,0.61552,0.58573,0.63661,0.57349,,,,,,,,,0.54613,0.55463,0.56236,0.53764,,,,,,,,,0.51262,0.51209,0.53471,0.49729,,,,,,,,,0.36729,0.39299,0.40309,0.37018,,,,,,,,,0.28817,0.29234,0.29852,0.26839,,,,,,,,,1.4383,1.5287,1.4933,1.4977,,,,
47922s,37.3 °C,,,,,,,,,,,,,,,,,0.63274,0.61172,0.63893,0.57462,,,,,,,,,0.55581,0.55817,0.5683,0.54069,,,,,,,,,0.51316,0.51621,0.54077,0.50322,,,,,,,,,0.37263,0.3978,0.40987,0.37549,,,,,,,,,0.29261,0.29523,0.30351,0.27287,,,,,,,,,1.4406,1.5304,1.4938,1.4947,,,,
48246s,37.2 °C,,,,,,,,,,,,,,,,,0.64097,0.61428,0.62558,0.57814,,,,,,,,,0.57482,0.56504,0.57332,0.54514,,,,,,,,,0.51811,0.51906,0.54528,0.50579,,,,,,,,,0.37764,0.40269,0.41623,0.38073,,,,,,,,,0.29649,0.29854,0.30866,0.27642,,,,,,,,,1.4447,1.5328,1.4934,1.4922,,,,
48569s,37.3 °C,,,,,,,,,,,,,,,,,0.63602,0.61541,0.63284,0.57476,,,,,,,,,0.55969,0.56724,0.5737,0.54836,,,,,,,,,0.52113,0.5235,0.54772,0.50852,,,,,,,,,0.38257,0.40773,0.42188,0.38606,,,,,,,,,0.30099,0.3035,0.31378,0.28111,,,,,,,,,1.4453,1.5291,1.5013,1.4992,,,,
48893s,37.3 °C,,,,,,,,,,,,,,,,,0.63974,0.59834,0.6384,0.58339,,,,,,,,,0.56346,0.57277,0.58037,0.55226,,,,,,,,,0.52578,0.52749,0.55353,0.51156,,,,,,,,,0.3879,0.41256,0.42804,0.3914,,,,,,,,,0.30499,0.30742,0.31878,0.2858,,,,,,,,,1.4467,1.533,1.5028,1.4967,,,,
49217s,37.2 °C,,,,,,,,,,,,,,,,,0.6363,0.57342,0.64038,0.5883,,,,,,,,,0.56223,0.5776,0.58752,0.55694,,,,,,,,,0.52849,0.53361,0.55503,0.51467,,,,,,,,,0.39346,0.41769,0.4336,0.39608,,,,,,,,,0.30932,0.31251,0.32363,0.29048,,,,,,,,,1.4453,1.5379,1.5061,1.4997,,,,
49541s,37.3 °C,,,,,,,,,,,,,,,,,0.63473,0.58419,0.62969,0.58057,,,,,,,,,0.56726,0.58156,0.59232,0.56063,,,,,,,,,0.53251,0.53741,0.55992,0.51801,,,,,,,,,0.39848,0.42347,0.43879,0.40028,,,,,,,,,0.3133,0.31684,0.3279,0.29483,,,,,,,,,1.4427,1.5436,1.5105,1.4996,,,,
49864s,37.3 °C,,,,,,,,,,,,,,,,,0.67392,0.58007,0.62857,0.58206,,,,,,,,,0.58014,0.58779,0.59787,0.56588,,,,,,,,,0.53482,0.54246,0.56552,0.52561,,,,,,,,,0.40303,0.42853,0.44438,0.40579,,,,,,,,,0.3178,0.32207,0.33241,0.29764,,,,,,,,,1.4403,1.5428,1.5127,1.5015,,,,
50188s,37.3 °C,,,,,,,,,,,,,,,,,0.66657,0.58664,0.63264,0.57491,,,,,,,,,0.58192,0.59302,0.60327,0.57084,,,,,,,,,0.54002,0.54779,0.56944,0.52711,,,,,,,,,0.40847,0.43531,0.44917,0.41057,,,,,,,,,0.32179,0.325,0.33718,0.30227,,,,,,,,,1.4415,1.5327,1.5113,1.5029,,,,
50512s,37.3 °C,,,,,,,,,,,,,,,,,0.62274,0.60903,0.64077,0.60047,,,,,,,,,0.58339,0.59941,0.61019,0.57526,,,,,,,,,0.54323,0.55212,0.57589,0.53101,,,,,,,,,0.412,0.44242,0.45514,0.41498,,,,,,,,,0.3259,0.32896,0.34132,0.30623,,,,,,,,,1.4431,1.5247,1.5113,1.5071,,,,
50836s,37.4 °C,,,,,,,,,,,,,,,,,0.63886,0.6062,0.63527,0.59647,,,,,,,,,0.58782,0.60576,0.61537,0.57922,,,,,,,,,0.54689,0.55793,0.58151,0.5342,,,,,,,,,0.41807,0.44729,0.46049,0.41911,,,,,,,,,0.3301,0.33272,0.34563,0.30917,,,,,,,,,1.4427,1.5217,1.513,1.5094,,,,
51159s,37.2 °C,,,,,,,,,,,,,,,,,0.64374,0.63981,0.64167,0.59201,,,,,,,,,0.58922,0.61288,0.62104,0.58381,,,,,,,,,0.55209,0.56398,0.58714,0.53821,,,,,,,,,0.42064,0.4519,0.46648,0.42446,,,,,,,,,0.33403,0.33656,0.34983,0.31263,,,,,,,,,1.4455,1.5244,1.513,1.5078,,,,
51483s,37.3 °C,,,,,,,,,,,,,,,,,0.68708,0.65918,0.64823,0.59559,,,,,,,,,0.59404,0.61963,0.6274,0.5878,,,,,,,,,0.55528,0.56884,0.59276,0.54228,,,,,,,,,0.42528,0.45298,0.47149,0.42881,,,,,,,,,0.33814,0.33929,0.3544,0.31611,,,,,,,,,1.4453,1.524,1.5128,1.506,,,,
51807s,37.3 °C,,,,,,,,,,,,,,,,,0.70047,0.66224,0.65002,0.61736,,,,,,,,,0.59786,0.62643,0.63252,0.59188,,,,,,,,,0.56086,0.57559,0.59908,0.54679,,,,,,,,,0.42984,0.45693,0.47734,0.43364,,,,,,,,,0.34209,0.34296,0.35818,0.3202,,,,,,,,,1.4497,1.5235,1.5164,1.5084,,,,
52130s,37.2 °C,,,,,,,,,,,,,,,,,0.6698,0.65128,0.65039,0.60228,,,,,,,,,0.60397,0.63262,0.63962,0.59604,,,,,,,,,0.56589,0.58162,0.60589,0.55229,,,,,,,,,0.43427,0.46167,0.48344,0.43869,,,,,,,,,0.34547,0.34768,0.36062,0.32302,,,,,,,,,1.4467,1.5284,1.5102,1.5094,,,,
52457s,37.2 °C,,,,,,,,,,,,,,,,,0.64767,0.6355,0.65208,0.61187,,,,,,,,,0.61281,0.63906,0.64446,0.60076,,,,,,,,,0.57146,0.58776,0.61281,0.55696,,,,,,,,,0.43971,0.4667,0.49168,0.44293,,,,,,,,,0.3492,0.35237,0.36404,0.32644,,,,,,,,,1.4473,1.5295,1.514,1.5064,,,,
52781s,37.3 °C,,,,,,,,,,,,,,,,,0.65223,0.63583,0.65496,0.59853,,,,,,,,,0.61286,0.64526,0.65066,0.60458,,,,,,,,,0.5772,0.59399,0.61901,0.56108,,,,,,,,,0.44413,0.47172,0.49569,0.44751,,,,,,,,,0.35244,0.35554,0.36754,0.3304,,,,,,,,,1.45,1.5324,1.5176,1.5066,,,,
53104s,37.2 °C,,,,,,,,,,,,,,,,,0.60751,0.6499,0.64949,0.62003,,,,,,,,,0.61816,0.6523,0.6564,0.61081,,,,,,,,,0.58261,0.60052,0.62537,0.5657,,,,,,,,,0.44818,0.47671,0.49439,0.45216,,,,,,,,,0.35603,0.3581,0.3709,0.33386,,,,,,,,,1.449,1.5318,1.5189,1.5029,,,,
53428s,37.3 °C,,,,,,,,,,,,,,,,,0.63238,0.65696,0.66589,0.62427,,,,,,,,,0.62409,0.65868,0.66202,0.61444,,,,,,,,,0.58832,0.60744,0.63254,0.57033,,,,,,,,,0.45307,0.48286,0.49491,0.45769,,,,,,,,,0.35882,0.36204,0.37467,0.33662,,,,,,,,,1.4458,1.5329,1.5159,1.5085,,,,
53752s,37.3 °C,,,,,,,,,,,,,,,,,0.6308,0.65732,0.6648,0.61059,,,,,,,,,0.63039,0.66546,0.66938,0.61878,,,,,,,,,0.59381,0.61387,0.63976,0.57669,,,,,,,,,0.45789,0.48863,0.5006,0.46296,,,,,,,,,0.36239,0.36587,0.37823,0.34041,,,,,,,,,1.4464,1.5291,1.5142,1.5093,,,,
54076s,37.3 °C,,,,,,,,,,,,,,,,,0.64958,0.6744,0.66383,0.61699,,,,,,,,,0.63361,0.67174,0.67478,0.6226,,,,,,,,,0.59958,0.62066,0.64633,0.58252,,,,,,,,,0.46379,0.49487,0.51048,0.46781,,,,,,,,,0.36613,0.36883,0.38194,0.34419,,,,,,,,,1.4497,1.533,1.5132,1.5112,,,,
54399s,37.3 °C,,,,,,,,,,,,,,,,,0.64971,0.66644,0.66803,0.61983,,,,,,,,,0.6386,0.67871,0.68117,0.62694,,,,,,,,,0.60533,0.62763,0.65411,0.58842,,,,,,,,,0.46873,0.49963,0.51839,0.47343,,,,,,,,,0.36928,0.37271,0.38471,0.34762,,,,,,,,,1.4506,1.5335,1.5129,1.5122,,,,
54723s,37.3 °C,,,,,,,,,,,,,,,,,0.62866,0.66076,0.67402,0.62812,,,,,,,,,0.64454,0.68519,0.68707,0.63186,,,,,,,,,0.61162,0.6353,0.66127,0.59387,,,,,,,,,0.47322,0.50618,0.53441,0.47939,,,,,,,,,0.37267,0.37572,0.38909,0.35114,,,,,,,,,1.4483,1.5317,1.5117,1.5049,,,,
55047s,37.3 °C,,,,,,,,,,,,,,,,,0.62022,0.65153,0.67708,0.62737,,,,,,,,,0.64914,0.69152,0.69307,0.63666,,,,,,,,,0.61779,0.64271,0.67003,0.59954,,,,,,,,,0.47852,0.51083,0.5207,0.48454,,,,,,,,,0.37631,0.3785,0.393,0.35547,,,,,,,,,1.4452,1.5327,1.5075,1.5029,,,,
55371s,37.3 °C,,,,,,,,,,,,,,,,,0.62554,0.65319,0.68057,0.61923,,,,,,,,,0.65362,0.69791,0.69896,0.64019,,,,,,,,,0.62468,0.6495,0.67613,0.60449,,,,,,,,,0.48427,0.51816,0.53152,0.49059,,,,,,,,,0.38096,0.38294,0.39763,0.35926,,,,,,,,,1.455,1.5327,1.5105,1.5018,,,,
55694s,37.3 °C,,,,,,,,,,,,,,,,,0.62229,0.66854,0.68554,0.62848,,,,,,,,,0.6581,0.70388,0.70436,0.64419,,,,,,,,,0.63127,0.6568,0.68569,0.61196,,,,,,,,,0.49041,0.52422,0.54103,0.49633,,,,,,,,,0.3838,0.38579,0.40078,0.36286,,,,,,,,,1.4529,1.5303,1.5097,1.5077,,,,
56018s,37.3 °C,,,,,,,,,,,,,,,,,0.6353,0.66797,0.69313,0.62002,,,,,,,,,0.66379,0.71013,0.71036,0.64816,,,,,,,,,0.63846,0.6641,0.69113,0.61861,,,,,,,,,0.49703,0.53074,0.55641,0.50292,,,,,,,,,0.38852,0.39101,0.40531,0.36717,,,,,,,,,1.4534,1.529,1.5141,1.5057,,,,
56342s,37.2 °C,,,,,,,,,,,,,,,,,0.6201,0.66394,0.69366,0.62358,,,,,,,,,0.67124,0.71496,0.71533,0.65192,,,,,,,,,0.64621,0.67208,0.69779,0.62514,,,,,,,,,0.50372,0.53706,0.54484,0.51066,,,,,,,,,0.39254,0.39468,0.40934,0.37106,,,,,,,,,1.4622,1.5296,1.5091,1.5042,,,,
56665s,37.3 °C,,,,,,,,,,,,,,,,,0.61396,0.66984,0.69392,0.62971,,,,,,,,,0.67341,0.7193,0.72112,0.655,,,,,,,,,0.65318,0.67892,0.70457,0.63072,,,,,,,,,0.50997,0.54417,0.55373,0.51726,,,,,,,,,0.39641,0.39889,0.41379,0.37476,,,,,,,,,1.4535,1.5309,1.5081,1.4945,,,,
56989s,37.2 °C,,,,,,,,,,,,,,,,,0.61629,0.67451,0.70027,0.63312,,,,,,,,,0.6778,0.72438,0.72633,0.65939,,,,,,,,,0.66121,0.68604,0.71214,0.63749,,,,,,,,,0.5167,0.54969,0.56483,0.52363,,,,,,,,,0.40042,0.404,0.4186,0.37851,,,,,,,,,1.4602,1.5317,1.5086,1.4856,,,,
57313s,37.2 °C,,,,,,,,,,,,,,,,,0.61647,0.67386,0.70147,0.63462,,,,,,,,,0.68037,0.72844,0.73053,0.66264,,,,,,,,,0.66718,0.69362,0.71931,0.64402,,,,,,,,,0.52311,0.55552,0.5763,0.52972,,,,,,,,,0.40443,0.40687,0.42206,0.38347,,,,,,,,,1.4584,1.5303,1.5111,1.4752,,,,
57637s,37.2 °C,,,,,,,,,,,,,,,,,0.62402,0.67802,0.7089,0.63612,,,,,,,,,0.68443,0.7325,0.73579,0.66617,,,,,,,,,0.6745,0.70094,0.72624,0.64979,,,,,,,,,0.52912,0.56217,0.58681,0.53594,,,,,,,,,0.40879,0.41169,0.42503,0.38788,,,,,,,,,1.4563,1.5302,1.51,1.4744,,,,
57960s,37.3 °C,,,,,,,,,,,,,,,,,0.62412,0.67557,0.71347,0.64568,,,,,,,,,0.68712,0.73553,0.74003,0.66953,,,,,,,,,0.67962,0.70722,0.7323,0.6555,,,,,,,,,0.5338,0.56698,0.58057,0.5427,,,,,,,,,0.41254,0.41606,0.43067,0.39168,,,,,,,,,1.4597,1.5292,1.5174,1.4801,,,,
58284s,37.3 °C,,,,,,,,,,,,,,,,,0.64101,0.67177,0.71824,0.64127,,,,,,,,,0.68934,0.73911,0.74417,0.6726,,,,,,,,,0.68683,0.71433,0.73912,0.66182,,,,,,,,,0.53934,0.57257,0.57428,0.54809,,,,,,,,,0.41652,0.42027,0.43376,0.39541,,,,,,,,,1.4622,1.5318,1.5094,1.4795,,,,
58608s,37.2 °C,,,,,,,,,,,,,,,,,0.63702,0.6694,0.72161,0.64708,,,,,,,,,0.69149,0.7418,0.74828,0.67527,,,,,,,,,0.69249,0.72062,0.7441,0.66801,,,,,,,,,0.5457,0.5781,0.58689,0.55361,,,,,,,,,0.42167,0.42538,0.43874,0.39998,,,,,,,,,1.4629,1.5317,1.5083,1.4802,,,,
58932s,37.3 °C,,,,,,,,,,,,,,,,,0.6162,0.67914,0.71994,0.64211,,,,,,,,,0.69423,0.74468,0.75146,0.67804,,,,,,,,,0.69792,0.72628,0.74937,0.67347,,,,,,,,,0.55062,0.58386,0.59563,0.55918,,,,,,,,,0.42437,0.42967,0.44232,0.4039,,,,,,,,,1.4566,1.5315,1.5088,1.48,,,,
59255s,37.3 °C,,,,,,,,,,,,,,,,,0.61351,0.67184,0.71792,0.63986,,,,,,,,,0.69621,0.74677,0.7549,0.67951,,,,,,,,,0.70402,0.73234,0.75471,0.67929,,,,,,,,,0.55644,0.58939,0.60741,0.56528,,,,,,,,,0.43002,0.43393,0.44631,0.40727,,,,,,,,,1.4593,1.5306,1.5097,1.476,,,,
59579s,37.3 °C,,,,,,,,,,,,,,,,,0.62804,0.67462,0.70958,0.64584,,,,,,,,,0.69783,0.74882,0.75707,0.68152,,,,,,,,,0.70833,0.73717,0.7573,0.68512,,,,,,,,,0.56151,0.59422,0.61282,0.57019,,,,,,,,,0.43307,0.43831,0.45094,0.41247,,,,,,,,,1.4596,1.5282,1.5144,1.4689,,,,
59903s,37.2 °C,,,,,,,,,,,,,,,,,0.63149,0.67864,0.71366,0.65266,,,,,,,,,0.70072,0.75186,0.76017,0.68424,,,,,,,,,0.71334,0.74241,0.76087,0.68998,,,,,,,,,0.56703,0.60073,0.62566,0.57644,,,,,,,,,0.43864,0.44418,0.45564,0.41661,,,,,,,,,1.457,1.5296,1.5127,1.4726,,,,
60226s,37.3 °C,,,,,,,,,,,,,,,,,0.62552,0.67673,0.71293,0.65527,,,,,,,,,0.7033,0.75337,0.76271,0.68574,,,,,,,,,0.71783,0.74731,0.76351,0.69539,,,,,,,,,0.57238,0.60808,0.64071,0.58276,,,,,,,,,0.4433,0.44833,0.46,0.42134,,,,,,,,,1.454,1.5306,1.5071,1.4689,,,,
60550s,37.3 °C,,,,,,,,,,,,,,,,,0.6191,0.67606,0.715,0.65418,,,,,,,,,0.70678,0.75484,0.76512,0.68752,,,,,,,,,0.7216,0.75131,0.76662,0.69966,,,,,,,,,0.57842,0.61372,0.6486,0.58789,,,,,,,,,0.44632,0.45124,0.46426,0.42542,,,,,,,,,1.4517,1.5289,1.5117,1.4691,,,,
60874s,37.3 °C,,,,,,,,,,,,,,,,,0.62351,0.67826,0.71782,0.65471,,,,,,,,,0.70817,0.75619,0.76637,0.68938,,,,,,,,,0.72502,0.75518,0.76859,0.70431,,,,,,,,,0.58497,0.61832,0.64732,0.59467,,,,,,,,,0.45196,0.45874,0.46873,0.43179,,,,,,,,,1.4481,1.53,1.5118,1.4666,,,,
61198s,37.3 °C,,,,,,,,,,,,,,,,,0.61147,0.68321,0.72561,0.65016,,,,,,,,,0.71149,0.7575,0.76897,0.69156,,,,,,,,,0.7289,0.75892,0.76963,0.70896,,,,,,,,,0.59207,0.62189,0.64933,0.59977,,,,,,,,,0.45627,0.46431,0.47223,0.43449,,,,,,,,,1.4472,1.5319,1.5023,1.4676,,,,
61521s,37.3 °C,,,,,,,,,,,,,,,,,0.61031,0.68501,0.72817,0.64691,,,,,,,,,0.71192,0.75798,0.77027,0.69336,,,,,,,,,0.73119,0.7615,0.77064,0.71247,,,,,,,,,0.59807,0.62756,0.64903,0.6054,,,,,,,,,0.46104,0.46919,0.47762,0.4385,,,,,,,,,1.4445,1.528,1.4964,1.4653,,,,
61845s,37.2 °C,,,,,,,,,,,,,,,,,0.61419,0.68874,0.72584,0.64998,,,,,,,,,0.71373,0.75994,0.77197,0.69517,,,,,,,,,0.7345,0.76403,0.7715,0.71549,,,,,,,,,0.60451,0.63317,0.64954,0.61194,,,,,,,,,0.46643,0.47514,0.48337,0.44391,,,,,,,,,1.4396,1.5205,1.5039,1.4726,,,,
62169s,37.3 °C,,,,,,,,,,,,,,,,,0.63257,0.69324,0.72726,0.6493,,,,,,,,,0.71454,0.75939,0.77272,0.69681,,,,,,,,,0.73708,0.76641,0.77194,0.71877,,,,,,,,,0.61102,0.6377,0.65977,0.61868,,,,,,,,,0.47082,0.48093,0.48724,0.4489,,,,,,,,,1.4368,1.5029,1.5022,1.4744,,,,
62492s,37.3 °C,,,,,,,,,,,,,,,,,0.63301,0.696,0.72813,0.64153,,,,,,,,,0.71712,0.76041,0.77457,0.69883,,,,,,,,,0.74008,0.76796,0.7726,0.72183,,,,,,,,,0.61823,0.64331,0.67261,0.62489,,,,,,,,,0.47608,0.4861,0.49252,0.45417,,,,,,,,,1.4363,1.5042,1.5065,1.477,,,,
62816s,37.2 °C,,,,,,,,,,,,,,,,,0.63086,0.69792,0.73033,0.64076,,,,,,,,,0.71938,0.76198,0.77628,0.70109,,,,,,,,,0.74289,0.76988,0.77332,0.72481,,,,,,,,,0.625,0.65269,0.67917,0.63233,,,,,,,,,0.48101,0.49278,0.49736,0.45757,,,,,,,,,1.4329,1.5092,1.4976,1.4802,,,,
63140s,37.2 °C,,,,,,,,,,,,,,,,,0.61621,0.69813,0.73208,0.64676,,,,,,,,,0.7205,0.76083,0.77687,0.70246,,,,,,,,,0.74492,0.77098,0.77259,0.72719,,,,,,,,,0.63133,0.66233,0.68633,0.63811,,,,,,,,,0.48606,0.49818,0.50301,0.46384,,,,,,,,,1.4256,1.5015,1.4934,1.4783,,,,
63464s,37.3 °C,,,,,,,,,,,,,,,,,0.61331,0.69736,0.73253,0.64713,,,,,,,,,0.72206,0.76198,0.77762,0.70467,,,,,,,,,0.74679,0.77212,0.77444,0.72982,,,,,,,,,0.63744,0.67114,0.70307,0.64478,,,,,,,,,0.49124,0.50294,0.50873,0.46743,,,,,,,,,1.4253,1.4998,1.5005,1.482,,,,
63787s,37.2 °C,,,,,,,,,,,,,,,,,0.61933,0.70033,0.73324,0.64818,,,,,,,,,0.72254,0.76071,0.77758,0.70558,,,,,,,,,0.74851,0.7719,0.77206,0.73108,,,,,,,,,0.64432,0.67823,0.71494,0.65088,,,,,,,,,0.49692,0.50861,0.51407,0.4719,,,,,,,,,1.4135,1.4925,1.4895,1.4691,,,,
64111s,37.3 °C,,,,,,,,,,,,,,,,,0.62186,0.70262,0.73648,0.64186,,,,,,,,,0.72353,0.76133,0.77879,0.70759,,,,,,,,,0.75032,0.77251,0.7719,0.73337,,,,,,,,,0.64957,0.68513,0.72464,0.65699,,,,,,,,,0.5022,0.51452,0.51884,0.47722,,,,,,,,,1.4107,1.4845,1.479,1.4824,,,,
Date of measurement: 2018-10-11/Time of measurement: 16:55:29,,,,,,,,,,,,,,,,,,,,,,,,,,,,,,,,,,,,,,,,,,,,,,,,,,,,,,,,,,,,,,,,,,,,,,,,,,,,,,,,,,,,,
